Datetime,Water Level (m)
2025-07-07 06:00:00,2.1404424
2025-07-07 07:00:00,1.7682654
2025-07-07 08:00:00,1.1846329
2025-07-07 09:00:00,0.6356974
2025-07-07 10:00:00,0.20343928
2025-07-07 11:00:00,-0.11495501
2025-07-07 12:00:00,-0.33865115
2025-07-07 13:00:00,-0.39079523
2025-07-07 14:00:00,0.050755568
2025-07-07 15:00:00,0.9318975
2025-07-07 16:00:00,1.6120961
2025-07-07 17:00:00,1.9161944
2025-07-07 18:00:00,1.9353757
2025-07-07 19:00:00,1.5633185
2025-07-07 20:00:00,0.96392727
2025-07-07 21:00:00,0.41425127
2025-07-07 22:00:00,-0.031940468
2025-07-07 23:00:00,-0.3576654
2025-07-08 00:00:00,-0.5813809
2025-07-08 01:00:00,-0.556536
2025-07-08 02:00:00,0.16596301
2025-07-08 03:00:00,1.2847946
2025-07-08 04:00:00,2.048319
2025-07-08 05:00:00,2.4831796
2025-07-08 06:00:00,2.6103218
2025-07-08 07:00:00,2.3457243
2025-07-08 08:00:00,1.7444241
2025-07-08 09:00:00,1.0324903
2025-07-08 10:00:00,0.4430673
2025-07-08 11:00:00,-0.006888969
2025-07-08 12:00:00,-0.35138598
2025-07-08 13:00:00,-0.6081279
2025-07-08 14:00:00,-0.65945005
2025-07-08 15:00:00,-0.0716611
2025-07-08 16:00:00,0.9944362
2025-07-08 17:00:00,1.7443056
2025-07-08 18:00:00,2.0192835
2025-07-08 19:00:00,2.0138352
2025-07-08 20:00:00,1.5943602
2025-07-08 21:00:00,0.9369534
2025-07-08 22:00:00,0.34559038
2025-07-08 23:00:00,-0.123983644
2025-07-09 00:00:00,-0.46313384
2025-07-09 01:00:00,-0.6895544
2025-07-09 02:00:00,-0.618653
2025-07-09 03:00:00,0.26714393
2025-07-09 04:00:00,1.5342051
2025-07-09 05:00:00,2.3489735
2025-07-09 06:00:00,2.7925563
2025-07-09 07:00:00,2.8275669
2025-07-09 08:00:00,2.3578048
2025-07-09 09:00:00,1.5639198
2025-07-09 10:00:00,0.82554215
2025-07-09 11:00:00,0.25549147
2025-07-09 12:00:00,-0.17090136
2025-07-09 13:00:00,-0.49544653
2025-07-09 14:00:00,-0.75317895
2025-07-09 15:00:00,-0.72214645
2025-07-09 16:00:00,0.015577488
2025-07-09 17:00:00,1.183776
2025-07-09 18:00:00,1.9072834
2025-07-09 19:00:00,2.108593
2025-07-09 20:00:00,1.9565454
2025-07-09 21:00:00,1.32514
2025-07-09 22:00:00,0.60983604
2025-07-09 23:00:00,0.030562196
2025-07-10 00:00:00,-0.4181798
2025-07-10 01:00:00,-0.74691594
2025-07-10 02:00:00,-0.9605997
2025-07-10 03:00:00,-0.7044212
2025-07-10 04:00:00,0.3521666
2025-07-10 05:00:00,1.6681114
2025-07-10 06:00:00,2.467678
2025-07-10 07:00:00,2.8472242
2025-07-10 08:00:00,2.8054774
2025-07-10 09:00:00,2.203539
2025-07-10 10:00:00,1.3168368
2025-07-10 11:00:00,0.5973382
2025-07-10 12:00:00,0.031133166
2025-07-10 13:00:00,-0.3723953
2025-07-10 14:00:00,-0.7017041
2025-07-10 15:00:00,-0.9237071
2025-07-10 16:00:00,-0.61268955
2025-07-10 17:00:00,0.4408593
2025-07-10 18:00:00,1.6424699
2025-07-10 19:00:00,2.1707294
2025-07-10 20:00:00,2.261925
2025-07-10 21:00:00,1.8883762
2025-07-10 22:00:00,1.1010509
2025-07-10 23:00:00,0.37738004
2025-07-11 00:00:00,-0.19558144
2025-07-11 01:00:00,-0.6190706
2025-07-11 02:00:00,-0.9379732
2025-07-11 03:00:00,-1.0977771
2025-07-11 04:00:00,-0.5510729
2025-07-11 05:00:00,0.6729112
2025-07-11 06:00:00,2.0329142
2025-07-11 07:00:00,2.7122672
2025-07-11 08:00:00,2.9766061
2025-07-11 09:00:00,2.7000887
2025-07-11 10:00:00,1.8677222
2025-07-11 11:00:00,0.9762993
2025-07-11 12:00:00,0.2977684
2025-07-11 13:00:00,-0.22330691
2025-07-11 14:00:00,-0.58304465
2025-07-11 15:00:00,-0.8925995
2025-07-11 16:00:00,-1.0179697
2025-07-11 17:00:00,-0.35572597
2025-07-11 18:00:00,0.90876436
2025-07-11 19:00:00,1.9733695
2025-07-11 20:00:00,2.3059285
2025-07-11 21:00:00,2.2588742
2025-07-11 22:00:00,1.6568986
2025-07-11 23:00:00,0.8087944
2025-07-12 00:00:00,0.120278716
2025-07-12 01:00:00,-0.41640916
2025-07-12 02:00:00,-0.7950263
2025-07-12 03:00:00,-1.0454268
2025-07-12 04:00:00,-1.1335576
2025-07-12 05:00:00,-0.23979004
2025-07-12 06:00:00,1.2285779
2025-07-12 07:00:00,2.4371889
2025-07-12 08:00:00,2.9497712
2025-07-12 09:00:00,3.0525274
2025-07-12 10:00:00,2.4791834
2025-07-12 11:00:00,1.517965
2025-07-12 12:00:00,0.67825294
2025-07-12 13:00:00,0.05611197
2025-07-12 14:00:00,-0.39947173
2025-07-12 15:00:00,-0.7520047
2025-07-12 16:00:00,-1.0135491
2025-07-12 17:00:00,-0.98391324
2025-07-12 18:00:00,0.03315279
2025-07-12 19:00:00,1.447896
2025-07-12 20:00:00,2.2916884
2025-07-12 21:00:00,2.4760385
2025-07-12 22:00:00,2.228849
2025-07-12 23:00:00,1.4202133
2025-07-13 00:00:00,0.5892656
2025-07-13 01:00:00,-0.043546807
2025-07-13 02:00:00,-0.5237668
2025-07-13 03:00:00,-0.8811832
2025-07-13 04:00:00,-1.0954651
2025-07-13 05:00:00,-0.91164327
2025-07-13 06:00:00,0.29811478
